track,Sum_time
Sexual (Li Da Di),2328.0
Higher,2101.0
Don't Call Me Baby,1853.0
I Disappear,1722.0
Re-Arranged,1669.0
Can't Fight The Moonlight,1659.0
Change Your Mind,1652.0
My Baby You,1641.0
You Should've Told Me,1603.0
With Arms Wide Open,1590.0
Taking You Home,1499.0
What You Want,1492.0
I Wanna Be With You,1476.0
Californication,1476.0
Amazed,1470.0
You'll Always Be Loved By Me,1460.0
I'll Be,1439.0
Mirror Mirror,1434.0
Angels,1433.0
Flowers On The Wall,1426.0
Kryptonite,1403.0
Where I Wanna Be,1402.0
Feels Like Love,1383.0
Could I Have This Kiss Forever,1373.0
Unconditional,1371.0
That's What I'm Looking For,1362.0
Open My Heart,1355.0
Rollin',1342.0
Loser,1342.0
Kiss This,1339.0
Emotional,1324.0
Treat Her Like A Lady,1322.0
Hey Papi,1318.0
Lessons Learned,1315.0
Last Resort,1305.0
Been There,1300.0
A Puro Dolor (Purest Of Pain),1287.0
When You Need My Love,1283.0
It's So Hard,1283.0
Buy Me A Rose,1278.0
The Chain Of Love,1270.0
Love's The Only House,1263.0
I Will.. But,1261.0
Carlene,1259.0
No More Rain (In This Cloud),1255.0
Who Let The Dogs Out,1250.0
The Light,1249.0
Whistle While You Twurk,1244.0
Got To Get It,1241.0
Couldn't Last A Moment,1236.0
One Voice,1226.0
Breathe,1220.0
Bad Boyz,1216.0
The Best Of Me,1215.0
Go On,1214.0
Smile,1206.0
Feelin' Good,1195.0
I Lost It,1189.0
Whatever,1181.0
Prayin' For Daylight,1180.0
That's The Kind Of Mood I'm In,1179.0
She's More,1176.0
What I Need To Do,1173.0
You Owe Me,1172.0
Falls Apart,1169.0
L.A. Song,1166.0
It Must Be Love,1162.0
"Left, Right, Left",1162.0
You Won't Be Lonely Now,1153.0
Your Everything,1152.0
Pop A Top,1149.0
Just Another Day In Paradise,1143.0
Just Be A Man About It,1143.0
Dance Tonight,1142.0
911,1140.0
Someday Out Of The Blue,1128.0
Sour Girl,1128.0
What Do You Say,1121.0
Shackles (Praise You),1118.0
Deep Inside,1110.0
We Danced,1098.0
Born To Fly,1094.0
From The Bottom Of My Broken Heart,1090.0
The Little Girl,1090.0
Girls Dem Sugar,1086.0
It's Always Somethin',1084.0
One Night Stand,1078.0
Back At One,1077.0
Whoa!,1070.0
I Will Love Again,1067.0
I Like It,1057.0
Best Of Intentions,1052.0
(Hot S**t) Country Grammar,1050.0
Country Comes To Town,1044.0
I Don't Wanna,1041.0
Rhythm Divine,1039.0
None Of Ur Friends Business,1039.0
The Best Man I Can Be,1038.0
The Rockafeller Skank,1033.0
It's My Life,1032.0
I Need A Hot Girl,1025.0
Better Off Alone,1025.0
Stan,1021.0
Just Friends (Sunny),1013.0
Wobble Wobble,1012.0
Meanwhile Back At The Ranch,1011.0
Broadway,1000.0
What About Now,998.0
Faded,998.0
Meet Virginia,997.0
G'D Up,996.0
Aaron's Party (Come Get It),994.0
My Best Friend,994.0
"Live, Laugh, Love",992.0
Shut Up,991.0
Desert Rose,988.0
Stay The Night,982.0
Love Is Blind,974.0
Let's Make Love,973.0
Cowboy Take Me Away,969.0
What'Chu Like,968.0
Shake Your Bon-Bon,965.0
Deep Inside Of You,958.0
My First Love,957.0
www.memory,951.0
Back Here,950.0
Tha Block Is Hot,950.0
N 2 Gether Now,949.0
The Great Beyond,946.0
Hanginaround,946.0
My Love Goes On And On,946.0
Liar,945.0
Without You,942.0
Summer Rain,938.0
I Wanna Know,933.0
Crash And Burn,931.0
There You Are,921.0
Yes!,916.0
Bounce With Me,915.0
Get It On.. Tonite,910.0
Some Things Never Change,910.0
How Do You Like Me Now?!,909.0
What Means The World To You,904.0
The One,903.0
What's My Name,902.0
The Best Day,894.0
Don't Think I'm Not,892.0
I Need You,890.0
I Think God Can Explain,888.0
My Next Thirty Years,884.0
Because You Love Me,882.0
Everything You Want,879.0
Party Up (Up In Here),877.0
The Bad Touch,871.0
Swear It Again,867.0
Forgot About Dre,865.0
The Next Episode,865.0
That's The Way,864.0
What's Your Fantasy,855.0
3 Little Words,850.0
No Leaf Clover (Live),844.0
More,839.0
Learn To Fly,833.0
Straight Up,829.0
Big Deal,816.0
Caught Out There,814.0
That Other Woman,812.0
Simple Kind Of Life,811.0
Untitled (How Does It Feel),806.0
Otherside,796.0
Monica,788.0
Only God Knows Why,780.0
How Many Licks?,780.0
You're A God,777.0
He Wasn't Man Enough,777.0
No Mercy,773.0
It Was,773.0
No Matter What They Say,771.0
Give Me You,768.0
All The Small Things,766.0
U Don't Love Me,765.0
Goodbye Earl,759.0
He Loves U Not,753.0
Let's Get Married,753.0
Give Me Just One Night (Una Noche),753.0
Cold Day In July,753.0
Callin' Me,753.0
You Sang To Me,751.0
Then The Morning Comes,748.0
Don't Say You Love Me,748.0
Thank God I Found You,740.0
Jumpin' Jumpin',734.0
Do It Again (Put Ya Hands Up),734.0
I Wish,728.0
Bent,727.0
I Belong To You,724.0
Oops!.. I Did It Again,720.0
I Think I'm In Love With You,718.0
Absolutely (Story Of A Girl),715.0
Pinch Me,713.0
Original Prankster,712.0
Stay Or Let It Go,704.0
He Can't Love U,698.0
The Way I Am,698.0
That's The Way It Is,696.0
Another Dumb Blonde,692.0
Ta Da,687.0
"Same Script, Different Cast",685.0
Take A Picture,683.0
Mr. Too Damn Good,683.0
Put Your Hand In Mine,675.0
Say My Name,668.0
You Can Do It,668.0
She Bangs,668.0
Another Nine Minutes,665.0
Shake Ya Ass,661.0
Do You,655.0
Wonderful,655.0
Bag Lady,647.0
Separated,647.0
Graduation (Friends Forever),643.0
Take That,634.0
Incomplete,632.0
Big Pimpin',626.0
Bring It All To Me,626.0
The Real Slim Shady,624.0
Between Me And You,623.0
The Itch,617.0
I Learned From The Best,616.0
Blue (Da Ba Dee),614.0
This Woman Needs,614.0
"Ryde or Die, Chick",608.0
As We Lay,605.0
Baby Don't Cry (Keep Ya Head Up II),598.0
There U Go,596.0
Wifey,592.0
Case Of The Ex (Whatcha Gonna Do),589.0
Most Girls,588.0
I Try,585.0
The Quittin' Kind,575.0
I Knew I Loved You,573.0
Show Me The Meaning Of Being Lonely,570.0
Never Let You Go,569.0
If You Don't Wanna Love Me,562.0
Shape Of My Heart,561.0
U Understand,559.0
Anything,555.0
Gotta Tell You,552.0
Dancin',549.0
It's Gonna Be Me,542.0
A Little Gasoline,539.0
Thong Song,537.0
Try Again,533.0
I Turn To You,531.0
It Feels So Good,531.0
Lucky,530.0
No More,518.0
This I Promise You,510.0
Daddy Won't Sell The Farm,507.0
Real Live Woman,505.0
My Love Is Your Love,500.0
I Just Wanna Love U (Give It 2 Me),494.0
Pop Ya Collar,486.0
Sleepwalker,486.0
Dancing Queen,485.0
Nothing As It Seems,476.0
Baby U Are,469.0
Doesn't Really Matter,466.0
What A Girl Wants,463.0
Do What You Gotta Do,455.0
Got It All,451.0
Can't Go For That,445.0
Dear Lie,443.0
Crybaby,434.0
Where You Are,432.0
Come On Over Baby (All I Want Is You),419.0
Independent Women Part I,415.0
If I Am,411.0
Left & Right,406.0
Smoke Rings In The Dark,403.0
Breathe And Stop,401.0
Freakin' It,396.0
American Pie,387.0
Pull Over,386.0
Private Emotion,381.0
Love Sets You Free,381.0
Riddle,381.0
Best Friend,364.0
West Side Story,364.0
This Time Around,362.0
Can't Stay,359.0
I Don't Wanna Kiss You Goodnight,356.0
Me Neither,354.0
Bye Bye Bye,328.0
Music,323.0
Be With You,317.0
Hot Boyz,301.0
Get Up,294.0
Spanish Guitar,294.0
All Good?,292.0
I'm Outta Love,284.0
Still In My Heart,281.0
"Maria, Maria",273.0
The Hardest Part Of Breaking Up (Is Getting Back Your Stuff),270.0
A Country Boy Can Survive,260.0
Auld Lang Syne (The Millenium Mix),259.0
Tricky Tricky ,236.0
Kernkraft 400,198.0
Got Beef,198.0
Imagine That,197.0
I Know,196.0
Deck The Halls,158.0
Toca's Miracle,99.0
Cherchez LaGhost,98.0
Souljas,98.0
No Me Dejes De Querer,77.0
